objectid,display_template,object_download,image_thumb,image_small,filename,basefilename,extension,title,format,description,creator,recipient,date,date-is-approximate?,item_information,subject,location,latitude,longitude,related_publication,publisher-digital,source,findingaid,original-identifier,identifier,rights,rightsstatement,type,language,relation
psychiana002,item_audio,/objects/good_news_06.mp3,,,good_news_06.mp3,good_news_06,mp3,Good News,audio/mp3,"Radio program corresponding with transcript of Radio Psychiana - Series for Dr. Frank B. Robinson No. 3. Episode begins proclaiming the growth of Pyschiana and then takes listeners to Robinson's home in Moscow, Idaho, describing its appearance. A dialogue begins between a 'guide' and Robinson about miracles, healing, the God-Law, the mail Robinson receives, and the 'Life Impulse' or 'motivating spirit' that allows people to think and live with God.",The Izzard Company,,1947,yes,radio program,God-Law; Life Spirit; Mircales; Healing; Sudent Letters; Testimonials,"Springfield, IL",39.770372,-89.639463,Good News,"University of Idaho Library Digital Initiatives, https://www.lib.uidaho.edu/digital/","MG 101, Frank Bruce Robinson. Papers, 1929-1951, University of Idaho Library Special Collections and Archives",https://archiveswest.orbiscascade.org/ark:/80444/xv97133/op=fstyle.aspx?t=k&q=psychiana,"MG-101, Box 5, Tapes",good_news_06,"Educational use includes non-commercial use of text and images in materials for teaching and research purposes. Digital reproduction permissions granted by University of Idaho Library Special Collections and Archives Department. For other uses beyond free use, please contact University of Idaho Library Special Collections and Archives Department at libspec@uidaho.edu.",https://rightsstatements.org/vocab/InC-EDU/1.0/,Sound,eng,https://archiveswest.orbiscascade.org/ark:/80444/xv97133/op=fstyle.aspx?t=k&q=psychiana
psychiana003,item_audio,/objects/good_news_05.mp3,,,good_news_05.mp3,good_news_05,mp3,Good News - Man's Quest,audio/mp3,"Radio program episode discusses man's quest for answers, then introduces Robinson and his concept of the Cosmic God-Power. Robinson discusses the God-Power, reads a student letter asking for help, and uses the discovery of the 'cosmic ray' by Professor Milikan as evidence that there is invisible power around us. Robinson claims this Power is for our use and can bring anyone what they desire. Also includes a testimonial from a man claimed to live in Holland.",,,1947,yes,radio program,"Spirit of God, God-Power;  Cosmic Rays; Science and Technology; Student Letters; Hardship; Material Abundance; Testimonials",,,,Good News,"University of Idaho Library Digital Initiatives, https://www.lib.uidaho.edu/digital/","MG 101, Frank Bruce Robinson. Papers, 1929-1951, University of Idaho Library Special Collections and Archives",https://archiveswest.orbiscascade.org/ark:/80444/xv97133/op=fstyle.aspx?t=k&q=psychiana,"MG-101, Box 5, Tapes",good_news_05,"Educational use includes non-commercial use of text and images in materials for teaching and research purposes. Digital reproduction permissions granted by University of Idaho Library Special Collections and Archives Department. For other uses beyond free use, please contact University of Idaho Library Special Collections and Archives Department at libspec@uidaho.edu.",https://rightsstatements.org/vocab/InC-EDU/1.0/,Sound,eng,https://archiveswest.orbiscascade.org/ark:/80444/xv97133/op=fstyle.aspx?t=k&q=psychiana
psychiana004,item_audio,/objects/good_news_04.mp3,,,good_news_04.mp3,good_news_04,mp3,Good News - Purpose of the Program,audio/mp3,"Radio program episode outlines the purpose of the 'Good News' radio program, to broadcast positive and peaceful things rather than negative. Episode includes organ music and songs sung by Al Marino, jokes made in the face of war, and urges listeners to buy quality-made products for better piece of mind.",,,1947,yes,radio program,Peace; Good News; Quality Products; World War; Organ,,,,Good News,"University of Idaho Library Digital Initiatives, https://www.lib.uidaho.edu/digital/","MG 101, Frank Bruce Robinson. Papers, 1929-1951, University of Idaho Library Special Collections and Archives",https://archiveswest.orbiscascade.org/ark:/80444/xv97133/op=fstyle.aspx?t=k&q=psychiana,"MG-101, Box 5, Tapes",good_news_04,"Educational use includes non-commercial use of text and images in materials for teaching and research purposes. Digital reproduction permissions granted by University of Idaho Library Special Collections and Archives Department. For other uses beyond free use, please contact University of Idaho Library Special Collections and Archives Department at libspec@uidaho.edu.",https://rightsstatements.org/vocab/InC-EDU/1.0/,Sound,eng,https://archiveswest.orbiscascade.org/ark:/80444/xv97133/op=fstyle.aspx?t=k&q=psychiana
psychiana005,item_image,/objects/mg101_b6_frank_robinson_negatives_009.jpg,/objects/thumbs/mg101_b6_frank_robinson_negatives_009_th.jpg,/objects/small/mg101_b6_frank_robinson_negatives_009_sm.jpg,mg101_b6_frank_robinson_negatives_009.jpg,mg101_b6_frank_robinson_negatives_009,jpg,I Talked With God Advertisement,image/jpeg,"Photograph of Psychiana Advertisement pinned to a board, reads 'I TALKED WITH GOD...'",,,1935,yes,single-page; photographs,Advertising,"Spokane, WA",47.65557,-117.419063,,"University of Idaho Library Digital Initiatives, https://www.lib.uidaho.edu/digital/","MG 101, Frank Bruce Robinson. Papers, 1929-1951, University of Idaho Library Special Collections and Archives",https://archiveswest.orbiscascade.org/ark:/80444/xv97133/op=fstyle.aspx?t=k&q=psychiana,"MG-101, Box 6, Folder - 'Frank B. Robinson Negatives'",mg101_b6_frank_robinson_negatives_009,"Educational use includes non-commercial use of text and images in materials for teaching and research purposes. Digital reproduction permissions granted by University of Idaho Library Special Collections and Archives Department. For other uses beyond free use, please contact University of Idaho Library Special Collections and Archives Department at libspec@uidaho.edu.",https://rightsstatements.org/vocab/InC-EDU/1.0/,Image;StillImage,eng,https://archiveswest.orbiscascade.org/ark:/80444/xv97133/op=fstyle.aspx?t=k&q=psychiana
psychiana006,item_pdf,/objects/mg101_b7_f11_042.pdf,/objects/thumbs/mg101_b7_f11_042_th.jpg,/objects/small/mg101_b7_f11_042_sm.jpg,mg101_b7_f11_042.pdf,mg101_b7_f11_042,pdf,Psychiana Spiritual Blitzkrieg button,application/pdf,"A button featuring an illustration of Hitler and a quote: 'Believing that right is superior to brute force, I am helping to bring Hitler's defeat by repeating hourly, the power of right (God) will bring your speedy downfall.'",,,1940,yes,single-page; buttons (information artifacts),"Hitler; Prayer; Moscow, Idaho; Blitzkrieg",,,,,"University of Idaho Library Digital Initiatives, https://www.lib.uidaho.edu/digital/","MG 101, Frank Bruce Robinson. Papers, 1929-1951, University of Idaho Library Special Collections and Archives",https://archiveswest.orbiscascade.org/ark:/80444/xv97133/op=fstyle.aspx?t=k&q=psychiana,"MG-101, Box 7, Folder 11",mg101_b7_f11_042,"Educational use includes non-commercial use of text and images in materials for teaching and research purposes. Digital reproduction permissions granted by University of Idaho Library Special Collections and Archives Department. For other uses beyond free use, please contact University of Idaho Library Special Collections and Archives Department at libspec@uidaho.edu.",https://rightsstatements.org/vocab/InC-EDU/1.0/,Text,eng,https://archiveswest.orbiscascade.org/ark:/80444/xv97133/op=fstyle.aspx?t=k&q=psychiana
psychiana007,item_pdf,/objects/mg101_b7_f13_007.pdf,/objects/thumbs/mg101_b7_f13_007_th.jpg,/objects/small/mg101_b7_f13_007_sm.jpg,mg101_b7_f13_007.pdf,mg101_b7_f13_007,pdf,Untitled illustration of hungry man,application/pdf,"A flyer featuring an untitled illustration of a man standing outside of a restaurant, looking hungrily at food he cannot afford to buy.",,,1942,yes,single-page; flyers,"Material Abundance; God-Realm; Wealth; Spirit of God, God-Power;  Hardships; Illustrations",,,,,"University of Idaho Library Digital Initiatives, https://www.lib.uidaho.edu/digital/","MG 101, Frank Bruce Robinson. Papers, 1929-1951, University of Idaho Library Special Collections and Archives",https://archiveswest.orbiscascade.org/ark:/80444/xv97133/op=fstyle.aspx?t=k&q=psychiana,"MG-101, Box 7, Folder 13",mg101_b7_f13_007,"Educational use includes non-commercial use of text and images in materials for teaching and research purposes. Digital reproduction permissions granted University of Idaho Library Special Collections and Archives Department. For other uses beyond free use, please contact University of Idaho Library Special Collections and Archives Department at libspec@uidaho.edu.",https://rightsstatements.org/vocab/InC-EDU/1.0/,Text,eng,https://archiveswest.orbiscascade.org/ark:/80444/xv97133/op=fstyle.aspx?t=k&q=psychiana
psychiana008,item_image,/objects/mg101_b6_photographs_26.jpg,/objects/thumbs/mg101_b6_photographs_26_th.jpg,/objects/small/mg101_b6_photographs_26_sm.jpg,mg101_b6_photographs_26.jpg,mg101_b6_photographs_26,jpg,"Label of a photograph mailed from Frank B. Robinson to his son, Albert B. Robinson",image/jpeg,"Photograph of a brown paper label torn from a package used to mail a photograph from Frank B. Robinson to Alfred B. Robinson, including addresses and postage.",,,1948-01-20,,single-page; photographs,Mailings; Alfred B. Robinson,,,,,"University of Idaho Library Digital Initiatives, https://www.lib.uidaho.edu/digital/","MG 101, Frank Bruce Robinson. Papers, 1929-1951, University of Idaho Library Special Collections and Archives",https://archiveswest.orbiscascade.org/ark:/80444/xv97133/op=fstyle.aspx?t=k&q=psychiana,"MG-101, Box 6, Folder - 'Photographs'",mg101_b6_photographs_26,"Educational use includes non-commercial use of text and images in materials for teaching and research purposes. Digital reproduction permissions granted by University of Idaho Library Special Collections and Archives Department. For other uses beyond free use, please contact University of Idaho Library Special Collections and Archives Department at libspec@uidaho.edu.",https://rightsstatements.org/vocab/InC-EDU/1.0/,Image;StillImage,eng,https://archiveswest.orbiscascade.org/ark:/80444/xv97133/op=fstyle.aspx?t=k&q=psychiana
psychiana009,item_pdf,/objects/mg101_b7_f13_013.pdf,/objects/thumbs/mg101_b7_f13_013_th.jpg,/objects/small/mg101_b7_f13_013_sm.jpg,mg101_b7_f13_013.pdf,mg101_b7_f13_013,pdf,The Light Within,application/pdf,A flyer featuring an illustration of a lighthouse on the coast representing the light of God within the viewer.,,,1942,yes,single-page; flyers,"Spirit of God, God-Power; Truth; Illustrations",,,,,"University of Idaho Library Digital Initiatives, https://www.lib.uidaho.edu/digital/","MG 101, Frank Bruce Robinson. Papers, 1929-1951, University of Idaho Library Special Collections and Archives",https://archiveswest.orbiscascade.org/ark:/80444/xv97133/op=fstyle.aspx?t=k&q=psychiana,"MG-101, Box 7, Folder 13",mg101_b7_f13_013,"Educational use includes non-commercial use of text and images in materials for teaching and research purposes. Digital reproduction permissions granted University of Idaho Library Special Collections and Archives Department. For other uses beyond free use, please contact University of Idaho Library Special Collections and Archives Department at libspec@uidaho.edu.",https://rightsstatements.org/vocab/InC-EDU/1.0/,Text,eng,https://archiveswest.orbiscascade.org/ark:/80444/xv97133/op=fstyle.aspx?t=k&q=psychiana
psychiana011,item_image,/objects/mg101_b6_f7_miscellanious_negatives_012.jpg,/objects/thumbs/mg101_b6_f7_miscellanious_negatives_012_th.jpg,/objects/small/mg101_b6_f7_miscellanious_negatives_012_sm.jpg,mg101_b6_f7_miscellanious_negatives_012.jpg,mg101_b6_f7_miscellanious_negatives_012,jpg,Negative photograph of a Psychiana pin,image/jpeg,Negative photograph of a pin worn by members of Psychiana. Pin includes a small hand holding a lit torch with the capital letter 'P' prominently in front.,"Robinson, Frank B.",,1936,yes,single-page; buttons (information artifacts),Psychiana Pin,,,,,"University of Idaho Library Digital Initiatives, https://www.lib.uidaho.edu/digital/","MG 101, Frank Bruce Robinson. Papers, 1929-1951, University of Idaho Library Special Collections and Archives",https://archiveswest.orbiscascade.org/ark:/80444/xv97133/op=fstyle.aspx?t=k&q=psychiana,"MG-101, Box 6, Folder - 'Miscellaneous Negatives'",mg101_b6_f7_miscellanious_negatives_012,"Educational use includes non-commercial use of text and images in materials for teaching and research purposes. Digital reproduction permissions granted by University of Idaho Library Special Collections and Archives Department. For other uses beyond free use, please contact University of Idaho Library Special Collections and Archives Department at libspec@uidaho.edu.",https://rightsstatements.org/vocab/InC-EDU/1.0/,Image;StillImage,eng,https://archiveswest.orbiscascade.org/ark:/80444/xv97133/op=fstyle.aspx?t=k&q=psychiana
psychiana012,item_image,/objects/mg101_b6_f7_miscellanious_negatives_014.jpg,/objects/thumbs/mg101_b6_f7_miscellanious_negatives_014_th.jpg,/objects/small/mg101_b6_f7_miscellanious_negatives_014_sm.jpg,mg101_b6_f7_miscellanious_negatives_014.jpg,mg101_b6_f7_miscellanious_negatives_014,jpg,Negative photograph of the development site of Robinson lake,image/jpeg,Negative photograph from overhead view of a lake either after or during its development. Photograph includes a storage structure and several dirt roads running around and into the lake.,"Robinson, Frank B.",,1935,yes,single-page; negatives,Recreation; Latah County,"Robinson Lake, Moscow, ID",46.755184,-116.909892,,"University of Idaho Library Digital Initiatives, https://www.lib.uidaho.edu/digital/","MG 101, Frank Bruce Robinson. Papers, 1929-1951, University of Idaho Library Special Collections and Archives",https://archiveswest.orbiscascade.org/ark:/80444/xv97133/op=fstyle.aspx?t=k&q=psychiana,"MG-101, Box 6, Folder - 'Miscellaneous Negatives'",mg101_b6_f7_miscellanious_negatives_014,"Educational use includes non-commercial use of text and images in materials for teaching and research purposes. Digital reproduction permissions granted by University of Idaho Library Special Collections and Archives Department. For other uses beyond free use, please contact University of Idaho Library Special Collections and Archives Department at libspec@uidaho.edu.",https://rightsstatements.org/vocab/InC-EDU/1.0/,Image;StillImage,eng,https://archiveswest.orbiscascade.org/ark:/80444/xv97133/op=fstyle.aspx?t=k&q=psychiana
psychiana013,item_image,/objects/mg101_b6_f7_miscellanious_negatives_010.jpg,/objects/thumbs/mg101_b6_f7_miscellanious_negatives_010_th.jpg,/objects/small/mg101_b6_f7_miscellanious_negatives_010_sm.jpg,mg101_b6_f7_miscellanious_negatives_010.jpg,mg101_b6_f7_miscellanious_negatives_010,jpg,Negative photograph of several copies of the June 1948 edition of the 'The Way: A Quarterly Publication of the Psychiana Religion.',image/jpeg,"Negative photograph of the covers of The Way that include rays of light moving to a point behind a picture of mountains, a mountain lake, and clouds.","Robinson, Frank B.",,1948,yes,single-page; negatives,Robinson's Writings; Psychiana Journal,,,,The Way Magazine,"University of Idaho Library Digital Initiatives, https://www.lib.uidaho.edu/digital/","MG 101, Frank Bruce Robinson. Papers, 1929-1951, University of Idaho Library Special Collections and Archives",https://archiveswest.orbiscascade.org/ark:/80444/xv97133/op=fstyle.aspx?t=k&q=psychiana,"MG-101, Box 6, Folder - 'Miscellaneous Negatives'",mg101_b6_f7_miscellanious_negatives_010,"Educational use includes non-commercial use of text and images in materials for teaching and research purposes. Digital reproduction permissions granted by University of Idaho Library Special Collections and Archives Department. For other uses beyond free use, please contact University of Idaho Library Special Collections and Archives Department at libspec@uidaho.edu.",https://rightsstatements.org/vocab/InC-EDU/1.0/,Image;StillImage,eng,https://archiveswest.orbiscascade.org/ark:/80444/xv97133/op=fstyle.aspx?t=k&q=psychiana
psychiana018,item_image,/objects/mg101_b6_psychiana_photographs_002.jpg,/objects/thumbs/mg101_b6_psychiana_photographs_002_th.jpg,/objects/small/mg101_b6_psychiana_photographs_002_sm.jpg,mg101_b6_psychiana_photographs_002.jpg,mg101_b6_psychiana_photographs_002,jpg,"Photograph of 1st and Main Street, Moscow, ID",image/jpeg,"Photograph of unmarked corner building located at the intersection of 1st and Main Street in Moscow, Idaho.",,,1935,yes,single-page; photographs,"Moscow, Idaho","Moscow, ID",46.733843,-117.001138,,"University of Idaho Library Digital Initiatives, https://www.lib.uidaho.edu/digital/","MG 101, Frank Bruce Robinson. Papers, 1929-1951, University of Idaho Library Special Collections and Archives",https://archiveswest.orbiscascade.org/ark:/80444/xv97133/op=fstyle.aspx?t=k&q=psychiana,"MG-101, Box 6, Folder - 'Psychiana Photographs'",mg101_b6_psychiana_photographs_002,"Educational use includes non-commercial use of text and images in materials for teaching and research purposes. Digital reproduction permissions granted by University of Idaho Library Special Collections and Archives Department. For other uses beyond free use, please contact University of Idaho Library Special Collections and Archives Department at libspec@uidaho.edu.",https://rightsstatements.org/vocab/InC-EDU/1.0/,Image;StillImage,eng,https://archiveswest.orbiscascade.org/ark:/80444/xv97133/op=fstyle.aspx?t=k&q=psychiana
psychiana019,item_image,/objects/mg101_b6_psychiana_photographs_011.jpg,/objects/thumbs/mg101_b6_psychiana_photographs_011_th.jpg,/objects/small/mg101_b6_psychiana_photographs_011_sm.jpg,mg101_b6_psychiana_photographs_011.jpg,mg101_b6_psychiana_photographs_011,jpg,Photograph of clerical and bookkeeping staff from the branch mailing department.,image/jpeg,"Photograph of all women staff from Psychiana clerical and bookkeeping standing in front of the Branch Mailing Department at 1st and Main Street in Moscow, Idaho. This building is two stories and occupies half a block.",,,1938-01,yes,single-page; photographs,Psychiana Headquarters; Psychiana Staff; Bookkeeping; Mailings,"Moscow, ID",46.733843,-117.001138,,"University of Idaho Library Digital Initiatives, https://www.lib.uidaho.edu/digital/","MG 101, Frank Bruce Robinson. Papers, 1929-1951, University of Idaho Library Special Collections and Archives",https://archiveswest.orbiscascade.org/ark:/80444/xv97133/op=fstyle.aspx?t=k&q=psychiana,"MG-101, Box 6, Folder - 'Psychiana Photographs'",mg101_b6_psychiana_photographs_011,"Educational use includes non-commercial use of text and images in materials for teaching and research purposes. Digital reproduction permissions granted by University of Idaho Library Special Collections and Archives Department. For other uses beyond free use, please contact University of Idaho Library Special Collections and Archives Department at libspec@uidaho.edu.",https://rightsstatements.org/vocab/InC-EDU/1.0/,Image;StillImage,eng,https://archiveswest.orbiscascade.org/ark:/80444/xv97133/op=fstyle.aspx?t=k&q=psychiana
psychiana020,item_image,/objects/mg101_b6_psychiana_photographs_001.jpg,/objects/thumbs/mg101_b6_psychiana_photographs_001_th.jpg,/objects/small/mg101_b6_psychiana_photographs_001_sm.jpg,mg101_b6_psychiana_photographs_001.jpg,mg101_b6_psychiana_photographs_001,jpg,"Photograph of Corner Drug Store in Moscow, ID",image/jpeg,"Photograph of the corner drug store in Moscow, Idaho where Frank Robinson worked as a clerk and wrote the first lessons of Psychiana.",,,1935,yes,single-page; photographs,"Moscow, Idaho; Drug Store Clerk","Moscow, ID",46.732505,-117.001181,,"University of Idaho Library Digital Initiatives, https://www.lib.uidaho.edu/digital/","MG 101, Frank Bruce Robinson. Papers, 1929-1951, University of Idaho Library Special Collections and Archives",https://archiveswest.orbiscascade.org/ark:/80444/xv97133/op=fstyle.aspx?t=k&q=psychiana,"MG-101, Box 6, Folder - 'Psychiana Photographs'",mg101_b6_psychiana_photographs_001,"Educational use includes non-commercial use of text and images in materials for teaching and research purposes. Digital reproduction permissions granted by University of Idaho Library Special Collections and Archives Department. For other uses beyond free use, please contact University of Idaho Library Special Collections and Archives Department at libspec@uidaho.edu.",https://rightsstatements.org/vocab/InC-EDU/1.0/,Image;StillImage,eng,https://archiveswest.orbiscascade.org/ark:/80444/xv97133/op=fstyle.aspx?t=k&q=psychiana
psychiana021,item_image,/objects/mg101_b6_psychiana_photographs_039.jpg,/objects/thumbs/mg101_b6_psychiana_photographs_039_th.jpg,/objects/small/mg101_b6_psychiana_photographs_039_sm.jpg,mg101_b6_psychiana_photographs_039.jpg,mg101_b6_psychiana_photographs_039,jpg,Photograph of Frank B. Robinson adjusting a small printing press.,image/jpeg,Photograph depicts Frank B. Robinson with his sleeves rolled up and an unidentified male and female staff member working at row of small printing presses.,,,1940,yes,single-page; photographs,Daily Idahoan; Psychiana Staff,,,,Daily Idahoan,"University of Idaho Library Digital Initiatives, https://www.lib.uidaho.edu/digital/","MG 101, Frank Bruce Robinson. Papers, 1929-1951, University of Idaho Library Special Collections and Archives",https://archiveswest.orbiscascade.org/ark:/80444/xv97133/op=fstyle.aspx?t=k&q=psychiana,"MG-101, Box 6, Folder - 'Psychiana Photographs'",mg101_b6_psychiana_photographs_039,"Educational use includes non-commercial use of text and images in materials for teaching and research purposes. Digital reproduction permissions granted by University of Idaho Library Special Collections and Archives Department. For other uses beyond free use, please contact University of Idaho Library Special Collections and Archives Department at libspec@uidaho.edu.",https://rightsstatements.org/vocab/InC-EDU/1.0/,Image;StillImage,eng,https://archiveswest.orbiscascade.org/ark:/80444/xv97133/op=fstyle.aspx?t=k&q=psychiana
psychiana022,item_image,/objects/mg101_b6_robinson_friends_008.jpg,/objects/thumbs/mg101_b6_robinson_friends_008_th.jpg,/objects/small/mg101_b6_robinson_friends_008_sm.jpg,mg101_b6_robinson_friends_008.jpg,mg101_b6_robinson_friends_008,jpg,Photograph of Frank B. Robinson and a man named Henry Banks,image/jpeg,"Photograph depicts Frank B. Robinson handing Mr. Henry Banks a can of 'rattlesnake meat' out front of the building of the publication, The News Review.",,,1939,yes,single-page; photographs,The News Review; Frank B. Robinson,,,,The News-Review,"University of Idaho Library Digital Initiatives, https://www.lib.uidaho.edu/digital/","MG 101, Frank Bruce Robinson. Papers, 1929-1951, University of Idaho Library Special Collections and Archives",https://archiveswest.orbiscascade.org/ark:/80444/xv97133/op=fstyle.aspx?t=k&q=psychiana,"MG-101, Box 6, Folder - 'Robinson & Friends'",mg101_b6_robinson_friends_008,"Educational use includes non-commercial use of text and images in materials for teaching and research purposes. Digital reproduction permissions granted by University of Idaho Library Special Collections and Archives Department. For other uses beyond free use, please contact University of Idaho Library Special Collections and Archives Department at libspec@uidaho.edu.",https://rightsstatements.org/vocab/InC-EDU/1.0/,Image;StillImage,eng,https://archiveswest.orbiscascade.org/ark:/80444/xv97133/op=fstyle.aspx?t=k&q=psychiana
psychiana023,item_image,/objects/mg101_b6_photographs_06.jpg,/objects/thumbs/mg101_b6_photographs_06_th.jpg,/objects/small/mg101_b6_photographs_06_sm.jpg,mg101_b6_photographs_06.jpg,mg101_b6_photographs_06,jpg,Photograph of Frank B. Robinson beside his Duesenberg Convertible Coupe,image/jpeg,Photograph of Frank B. Robinson standing outside the passenger side of his Duesenberg Convertible Coupe with a park in the background.,,,1934,yes,single-page; photographs,Duesenberg Convertible Coupe,,,,,"University of Idaho Library Digital Initiatives, https://www.lib.uidaho.edu/digital/","MG 101, Frank Bruce Robinson. Papers, 1929-1951, University of Idaho Library Special Collections and Archives",https://archiveswest.orbiscascade.org/ark:/80444/xv97133/op=fstyle.aspx?t=k&q=psychiana,"MG-101, Box 6, Folder - 'Photographs'",mg101_b6_photographs_06,"Educational use includes non-commercial use of text and images in materials for teaching and research purposes. Digital reproduction permissions granted by University of Idaho Library Special Collections and Archives Department. For other uses beyond free use, please contact University of Idaho Library Special Collections and Archives Department at libspec@uidaho.edu.",https://rightsstatements.org/vocab/InC-EDU/1.0/,Image;StillImage,eng,https://archiveswest.orbiscascade.org/ark:/80444/xv97133/op=fstyle.aspx?t=k&q=psychiana
psychiana024,item_image,/objects/mg101_b6_photographs_07.jpg,/objects/thumbs/mg101_b6_photographs_07_th.jpg,/objects/small/mg101_b6_photographs_07_sm.jpg,mg101_b6_photographs_07.jpg,mg101_b6_photographs_07,jpg,Photograph of Frank B. Robinson beside his Duesenberg Convertible Coupe in front of crowd,image/jpeg,"Photograph of Frank B. Robinson standing by the hood of his Duesenberg Convertible Coupe in a public square or street with many people standing behind him. Along the running board, a sign reads 'Duesenberg Straight 8.'",,,1934,yes,single-page; photographs,Duesenberg Convertible Coupe; Public Square,,,,,"University of Idaho Library Digital Initiatives, https://www.lib.uidaho.edu/digital/","MG 101, Frank Bruce Robinson. Papers, 1929-1951, University of Idaho Library Special Collections and Archives",https://archiveswest.orbiscascade.org/ark:/80444/xv97133/op=fstyle.aspx?t=k&q=psychiana,"MG-101, Box 6, Folder - 'Photographs'",mg101_b6_photographs_07,"Educational use includes non-commercial use of text and images in materials for teaching and research purposes. Digital reproduction permissions granted by University of Idaho Library Special Collections and Archives Department. For other uses beyond free use, please contact University of Idaho Library Special Collections and Archives Department at libspec@uidaho.edu.",https://rightsstatements.org/vocab/InC-EDU/1.0/,Image;StillImage,eng,https://archiveswest.orbiscascade.org/ark:/80444/xv97133/op=fstyle.aspx?t=k&q=psychiana
psychiana025,item_image,/objects/mg101_b6_photographs_02.jpg,/objects/thumbs/mg101_b6_photographs_02_th.jpg,/objects/small/mg101_b6_photographs_02_sm.jpg,mg101_b6_photographs_02.jpg,mg101_b6_photographs_02,jpg,Photograph of Frank B. Robinson in his Duesenberg Convertible Coupe,image/jpeg,Photograph of view of Frank B. Robinson sitting in the driver's side of his Duesenberg convertible coupe at the curb in front of his house.,,,1935,yes,single-page; photographs,Duesenberg Convertible Coupe; Home,"Moscow, ID",46.733027,-116.992443,,"University of Idaho Library Digital Initiatives, https://www.lib.uidaho.edu/digital/","MG 101, Frank Bruce Robinson. Papers, 1929-1951, University of Idaho Library Special Collections and Archives",https://archiveswest.orbiscascade.org/ark:/80444/xv97133/op=fstyle.aspx?t=k&q=psychiana,"MG-101, Box 6, Folder - 'Photographs'",mg101_b6_photographs_02,"Educational use includes non-commercial use of text and images in materials for teaching and research purposes. Digital reproduction permissions granted by University of Idaho Library Special Collections and Archives Department. For other uses beyond free use, please contact University of Idaho Library Special Collections and Archives Department at libspec@uidaho.edu.",https://rightsstatements.org/vocab/InC-EDU/1.0/,Image;StillImage,eng,https://archiveswest.orbiscascade.org/ark:/80444/xv97133/op=fstyle.aspx?t=k&q=psychiana
psychiana026,item_image,/objects/mg101_b6_psychiana_photographs_037b.jpg,/objects/thumbs/mg101_b6_psychiana_photographs_037b_th.jpg,/objects/small/mg101_b6_psychiana_photographs_037b_sm.jpg,mg101_b6_psychiana_photographs_037b.jpg,mg101_b6_psychiana_photographs_037b,jpg,Photograph of Frank B. Robinson loading a printing press with ink,image/jpeg,"Photograph depicts Frank. B. Robinson with his sleeves rolled up, loading a small printing press with ink from a black container.",Zalmanoff,,1938,yes,single-page; photographs,Daily Idahoan; Psychiana Staff,,,,Daily Idahoan,"University of Idaho Library Digital Initiatives, https://www.lib.uidaho.edu/digital/","MG 101, Frank Bruce Robinson. Papers, 1929-1951, University of Idaho Library Special Collections and Archives",https://archiveswest.orbiscascade.org/ark:/80444/xv97133/op=fstyle.aspx?t=k&q=psychiana,"MG-101, Box 6, Folder - 'Psychiana Photographs'",mg101_b6_psychiana_photographs_037b,"Educational use includes non-commercial use of text and images in materials for teaching and research purposes. Digital reproduction permissions granted by University of Idaho Library Special Collections and Archives Department. For other uses beyond free use, please contact University of Idaho Library Special Collections and Archives Department at libspec@uidaho.edu.",https://rightsstatements.org/vocab/InC-EDU/1.0/,Image;StillImage,eng,https://archiveswest.orbiscascade.org/ark:/80444/xv97133/op=fstyle.aspx?t=k&q=psychiana
psychiana027,item_image,/objects/mg101_b6_photographs_01.jpg,/objects/thumbs/mg101_b6_photographs_01_th.jpg,/objects/small/mg101_b6_photographs_01_sm.jpg,mg101_b6_photographs_01.jpg,mg101_b6_photographs_01,jpg,Photograph of Frank B. Robinson playing his organ,image/jpeg,Photograph of Frank B. Robinson playing from a book of sheet music on his pipe organ.,,,1935,yes,single-page; photographs,Pipe Organ,"Moscow, ID",46.732534,-117.003116,,"University of Idaho Library Digital Initiatives, https://www.lib.uidaho.edu/digital/","MG 101, Frank Bruce Robinson. Papers, 1929-1951, University of Idaho Library Special Collections and Archives",https://archiveswest.orbiscascade.org/ark:/80444/xv97133/op=fstyle.aspx?t=k&q=psychiana,"MG-101, Box 6, Folder - 'Photographs'",mg101_b6_photographs_01,"Educational use includes non-commercial use of text and images in materials for teaching and research purposes. Digital reproduction permissions granted by University of Idaho Library Special Collections and Archives Department. For other uses beyond free use, please contact University of Idaho Library Special Collections and Archives Department at libspec@uidaho.edu.",https://rightsstatements.org/vocab/InC-EDU/1.0/,Image;StillImage,eng,https://archiveswest.orbiscascade.org/ark:/80444/xv97133/op=fstyle.aspx?t=k&q=psychiana
psychiana028,item_image,/objects/mg101_b6_psychiana_photographs_018a.jpg,/objects/thumbs/mg101_b6_psychiana_photographs_018a_th.jpg,/objects/small/mg101_b6_psychiana_photographs_018a_sm.jpg,mg101_b6_psychiana_photographs_018a.jpg,mg101_b6_psychiana_photographs_018a,jpg,Photograph of Frank B. Robinson watching Psychiana staff members work,image/jpeg,Photograph depicts young Frank B. Robinson standing in a doorway with his hands on his hips and watching smiling female Psychiana staff complete tasks.,,,1935-05-01,,single-page; photographs,Psychiana Headquarters; Psychiana Staff,,,,,"University of Idaho Library Digital Initiatives, https://www.lib.uidaho.edu/digital/","MG 101, Frank Bruce Robinson. Papers, 1929-1951, University of Idaho Library Special Collections and Archives",https://archiveswest.orbiscascade.org/ark:/80444/xv97133/op=fstyle.aspx?t=k&q=psychiana,"MG-101, Box 6, Folder - 'Psychiana Photographs'",mg101_b6_psychiana_photographs_018a,"Educational use includes non-commercial use of text and images in materials for teaching and research purposes. Digital reproduction permissions granted by University of Idaho Library Special Collections and Archives Department. For other uses beyond free use, please contact University of Idaho Library Special Collections and Archives Department at libspec@uidaho.edu.",https://rightsstatements.org/vocab/InC-EDU/1.0/,Image;StillImage,eng,https://archiveswest.orbiscascade.org/ark:/80444/xv97133/op=fstyle.aspx?t=k&q=psychiana
psychiana029,item_image,/objects/mg101_b6_psychiana_photographs_038.jpg,/objects/thumbs/mg101_b6_psychiana_photographs_038_th.jpg,/objects/small/mg101_b6_psychiana_photographs_038_sm.jpg,mg101_b6_psychiana_photographs_038.jpg,mg101_b6_psychiana_photographs_038,jpg,Photograph of Frank B. Robinson watching the work of an unidentified male staff member,image/jpeg,Photograph depicts Frank B. Robinson standing behind an unidentified male staff member who edits a lithograph plate at a drafting table.,,,1940,yes,single-page; photographs,Daily Idahoan; Psychiana Staff,"Moscow, ID",46.732534,-117.003116,Daily Idahoan,"University of Idaho Library Digital Initiatives, https://www.lib.uidaho.edu/digital/","MG 101, Frank Bruce Robinson. Papers, 1929-1951, University of Idaho Library Special Collections and Archives",https://archiveswest.orbiscascade.org/ark:/80444/xv97133/op=fstyle.aspx?t=k&q=psychiana,"MG-101, Box 6, Folder - 'Psychiana Photographs'",mg101_b6_psychiana_photographs_038,"Educational use includes non-commercial use of text and images in materials for teaching and research purposes. Digital reproduction permissions granted by University of Idaho Library Special Collections and Archives Department. For other uses beyond free use, please contact University of Idaho Library Special Collections and Archives Department at libspec@uidaho.edu.",https://rightsstatements.org/vocab/InC-EDU/1.0/,Image;StillImage,eng,https://archiveswest.orbiscascade.org/ark:/80444/xv97133/op=fstyle.aspx?t=k&q=psychiana
psychiana030,item_image,/objects/mg101_b6_psychiana_photographs_015.jpg,/objects/thumbs/mg101_b6_psychiana_photographs_015_th.jpg,/objects/small/mg101_b6_psychiana_photographs_015_sm.jpg,mg101_b6_psychiana_photographs_015.jpg,mg101_b6_psychiana_photographs_015,jpg,Photograph of Psychiana business office,image/jpeg,Photograph depicts an unidentified man and woman sitting over a desk and writing records in ledgers or some sort of record books. The calendar over the desk marks the month of May in year 1938.,,,1935-05-01,,single-page; photographs,Psychiana Headquarters; Psychiana Staff,"Moscow, ID",46.732534,-117.003116,,"University of Idaho Library Digital Initiatives, https://www.lib.uidaho.edu/digital/","MG 101, Frank Bruce Robinson. Papers, 1929-1951, University of Idaho Library Special Collections and Archives",https://archiveswest.orbiscascade.org/ark:/80444/xv97133/op=fstyle.aspx?t=k&q=psychiana,"MG-101, Box 6, Folder - 'Psychiana Photographs'",mg101_b6_psychiana_photographs_015,"Educational use includes non-commercial use of text and images in materials for teaching and research purposes. Digital reproduction permissions granted by University of Idaho Library Special Collections and Archives Department. For other uses beyond free use, please contact University of Idaho Library Special Collections and Archives Department at libspec@uidaho.edu.",https://rightsstatements.org/vocab/InC-EDU/1.0/,Image;StillImage,eng,https://archiveswest.orbiscascade.org/ark:/80444/xv97133/op=fstyle.aspx?t=k&q=psychiana
psychiana031,item_image,/objects/mg101_b6_psychiana_photographs_021.jpg,/objects/thumbs/mg101_b6_psychiana_photographs_021_th.jpg,/objects/small/mg101_b6_psychiana_photographs_021_sm.jpg,mg101_b6_psychiana_photographs_021.jpg,mg101_b6_psychiana_photographs_021,jpg,Photograph of revolving table used to sort and compile materials,image/jpeg,"Photograph depicts several female Psychiana staff sitting around a revolving 'rotary table,' operated by electric motor and used to assemble Frank B. Robinsons Lessons and follow-up literature before mailing.",,,1935-05-01,,single-page; photographs,Psychiana Headquarters; Psychiana Staff; Lessons,"Moscow, ID",46.731365,-116.999089,,"University of Idaho Library Digital Initiatives, https://www.lib.uidaho.edu/digital/","MG 101, Frank Bruce Robinson. Papers, 1929-1951, University of Idaho Library Special Collections and Archives",https://archiveswest.orbiscascade.org/ark:/80444/xv97133/op=fstyle.aspx?t=k&q=psychiana,"MG-101, Box 6, Folder - 'Psychiana Photographs'",mg101_b6_psychiana_photographs_021,"Educational use includes non-commercial use of text and images in materials for teaching and research purposes. Digital reproduction permissions granted by University of Idaho Library Special Collections and Archives Department. For other uses beyond free use, please contact University of Idaho Library Special Collections and Archives Department at libspec@uidaho.edu.",https://rightsstatements.org/vocab/InC-EDU/1.0/,Image;StillImage,eng,https://archiveswest.orbiscascade.org/ark:/80444/xv97133/op=fstyle.aspx?t=k&q=psychiana
psychiana032,item_image,/objects/mg101_b6_psychiana_photographs_010.jpg,/objects/thumbs/mg101_b6_psychiana_photographs_010_th.jpg,/objects/small/mg101_b6_psychiana_photographs_010_sm.jpg,mg101_b6_psychiana_photographs_010.jpg,mg101_b6_psychiana_photographs_010,jpg,Photograph of some Psychiana staff members at Psychiana's international headquarters,image/jpeg,"Photograph of all women staff standing in front of Psychiana's International Headquarters, which operated with a staff of sixty-three women who conducted a direct mail campaign.",,,1938,yes,single-page; photographs,Psychiana Headquarters; Psychiana Staff,"Moscow, ID",46.733843,-117.001138,,"University of Idaho Library Digital Initiatives, https://www.lib.uidaho.edu/digital/","MG 101, Frank Bruce Robinson. Papers, 1929-1951, University of Idaho Library Special Collections and Archives",https://archiveswest.orbiscascade.org/ark:/80444/xv97133/op=fstyle.aspx?t=k&q=psychiana,"MG-101, Box 6, Folder - 'Psychiana Photographs'",mg101_b6_psychiana_photographs_010,"Educational use includes non-commercial use of text and images in materials for teaching and research purposes. Digital reproduction permissions granted by University of Idaho Library Special Collections and Archives Department. For other uses beyond free use, please contact University of Idaho Library Special Collections and Archives Department at libspec@uidaho.edu.",https://rightsstatements.org/vocab/InC-EDU/1.0/,Image;StillImage,eng,https://archiveswest.orbiscascade.org/ark:/80444/xv97133/op=fstyle.aspx?t=k&q=psychiana
psychiana033,item_image,/objects/mg101_b6_psychiana_photographs_019.jpg,/objects/thumbs/mg101_b6_psychiana_photographs_019_th.jpg,/objects/small/mg101_b6_psychiana_photographs_019_sm.jpg,mg101_b6_psychiana_photographs_019.jpg,mg101_b6_psychiana_photographs_019,jpg,Photograph of the bookkeeping department,image/jpeg,"Photograph depicts the bookkeeping department in the Psychiana Branch Mailing Department and several female staff completing various tasks of typing, sorting mail, calculating and keeping records.",,,1935-05-01,,single-page; photographs,Psychiana Headquarters; Psychiana Staff,,,,,"University of Idaho Library Digital Initiatives, https://www.lib.uidaho.edu/digital/","MG 101, Frank Bruce Robinson. Papers, 1929-1951, University of Idaho Library Special Collections and Archives",https://archiveswest.orbiscascade.org/ark:/80444/xv97133/op=fstyle.aspx?t=k&q=psychiana,"MG-101, Box 6, Folder - 'Psychiana Photographs'",mg101_b6_psychiana_photographs_019,"Educational use includes non-commercial use of text and images in materials for teaching and research purposes. Digital reproduction permissions granted by University of Idaho Library Special Collections and Archives Department. For other uses beyond free use, please contact University of Idaho Library Special Collections and Archives Department at libspec@uidaho.edu.",https://rightsstatements.org/vocab/InC-EDU/1.0/,Image;StillImage,eng,https://archiveswest.orbiscascade.org/ark:/80444/xv97133/op=fstyle.aspx?t=k&q=psychiana
psychiana034,item_image,/objects/mg101_b6_psychiana_photographs_003.jpg,/objects/thumbs/mg101_b6_psychiana_photographs_003_th.jpg,/objects/small/mg101_b6_psychiana_photographs_003_sm.jpg,mg101_b6_psychiana_photographs_003.jpg,mg101_b6_psychiana_photographs_003,jpg,Photograph of The Professional Building built by Frank B. Robinson,image/jpeg,"Photograph of The Professional Building main entrance from street view. The Professional Building housed most lawyers and doctors in Moscow, Idaho, along with the Robinson's Exclusive Prescription Pharmacy, grossing $8,000 a year in rent.",,,1936,yes,single-page; photographs,"Moscow, Idaho; Finances","Moscow, ID",46.733843,-117.001138,,"University of Idaho Library Digital Initiatives, https://www.lib.uidaho.edu/digital/","MG 101, Frank Bruce Robinson. Papers, 1929-1951, University of Idaho Library Special Collections and Archives",https://archiveswest.orbiscascade.org/ark:/80444/xv97133/op=fstyle.aspx?t=k&q=psychiana,"MG-101, Box 6, Folder - 'Psychiana Photographs'",mg101_b6_psychiana_photographs_003,"Educational use includes non-commercial use of text and images in materials for teaching and research purposes. Digital reproduction permissions granted by University of Idaho Library Special Collections and Archives Department. For other uses beyond free use, please contact University of Idaho Library Special Collections and Archives Department at libspec@uidaho.edu.",https://rightsstatements.org/vocab/InC-EDU/1.0/,Image;StillImage,eng,https://archiveswest.orbiscascade.org/ark:/80444/xv97133/op=fstyle.aspx?t=k&q=psychiana
psychiana035,item_image,/objects/mg101_b6_psychiana_photographs_035.jpg,/objects/thumbs/mg101_b6_psychiana_photographs_035_th.jpg,/objects/small/mg101_b6_psychiana_photographs_035_sm.jpg,mg101_b6_psychiana_photographs_035.jpg,mg101_b6_psychiana_photographs_035,jpg,"Photograph of three men, two working at linographs",image/jpeg,"Photograph depicts W.J. Marinean standing between Howard Wallace and T.J. Grief, who sit at two linograph machines and work.",,,1935,yes,single-page; photographs,Daily Idahoan; Psychiana Staff,,,,Daily Idahoan,"University of Idaho Library Digital Initiatives, https://www.lib.uidaho.edu/digital/","MG 101, Frank Bruce Robinson. Papers, 1929-1951, University of Idaho Library Special Collections and Archives",https://archiveswest.orbiscascade.org/ark:/80444/xv97133/op=fstyle.aspx?t=k&q=psychiana,"MG-101, Box 6, Folder - 'Psychiana Photographs'",mg101_b6_psychiana_photographs_035,"Educational use includes non-commercial use of text and images in materials for teaching and research purposes. Digital reproduction permissions granted by University of Idaho Library Special Collections and Archives Department. For other uses beyond free use, please contact University of Idaho Library Special Collections and Archives Department at libspec@uidaho.edu.",https://rightsstatements.org/vocab/InC-EDU/1.0/,Image;StillImage,eng,https://archiveswest.orbiscascade.org/ark:/80444/xv97133/op=fstyle.aspx?t=k&q=psychiana
psychiana036,item_image,/objects/mg101_b6_psychiana_photographs_017.jpg,/objects/thumbs/mg101_b6_psychiana_photographs_017_th.jpg,/objects/small/mg101_b6_psychiana_photographs_017_sm.jpg,mg101_b6_psychiana_photographs_017.jpg,mg101_b6_psychiana_photographs_017,jpg,Photograph of two women using dictaphones,image/jpeg,Photograph depicts two women sitting next to each other at a desk and using Dictaphones and typewriters to transcribe documents.,,,1938,yes,single-page; photographs,Psychiana Headquarters; Psychiana Staff,,,,,"University of Idaho Library Digital Initiatives, https://www.lib.uidaho.edu/digital/","MG 101, Frank Bruce Robinson. Papers, 1929-1951, University of Idaho Library Special Collections and Archives",https://archiveswest.orbiscascade.org/ark:/80444/xv97133/op=fstyle.aspx?t=k&q=psychiana,"MG-101, Box 6, Folder - 'Psychiana Photographs'",mg101_b6_psychiana_photographs_017,"Educational use includes non-commercial use of text and images in materials for teaching and research purposes. Digital reproduction permissions granted by University of Idaho Library Special Collections and Archives Department. For other uses beyond free use, please contact University of Idaho Library Special Collections and Archives Department at libspec@uidaho.edu.",https://rightsstatements.org/vocab/InC-EDU/1.0/,Image;StillImage,eng,https://archiveswest.orbiscascade.org/ark:/80444/xv97133/op=fstyle.aspx?t=k&q=psychiana
psychiana037,item_image,/objects/mg101_b6_psychiana_photographs_028.jpg,/objects/thumbs/mg101_b6_psychiana_photographs_028_th.jpg,/objects/small/mg101_b6_psychiana_photographs_028_sm.jpg,mg101_b6_psychiana_photographs_028.jpg,mg101_b6_psychiana_photographs_028,jpg,Photograph of unidentified woman using an envelope sorter,image/jpeg,Photograph depicts a female Psychiana staff member loading handfuls of envelopes into a sorter machine in preparation for mailing.,,,1935-05-01,,single-page; photographs,Psychiana Headquarters; Psychiana Staff; Mailings,,,,,"University of Idaho Library Digital Initiatives, https://www.lib.uidaho.edu/digital/","MG 101, Frank Bruce Robinson. Papers, 1929-1951, University of Idaho Library Special Collections and Archives",https://archiveswest.orbiscascade.org/ark:/80444/xv97133/op=fstyle.aspx?t=k&q=psychiana,"MG-101, Box 6, Folder - 'Psychiana Photographs'",mg101_b6_psychiana_photographs_028,"Educational use includes non-commercial use of text and images in materials for teaching and research purposes. Digital reproduction permissions granted by University of Idaho Library Special Collections and Archives Department. For other uses beyond free use, please contact University of Idaho Library Special Collections and Archives Department at libspec@uidaho.edu.",https://rightsstatements.org/vocab/InC-EDU/1.0/,Image;StillImage,eng,https://archiveswest.orbiscascade.org/ark:/80444/xv97133/op=fstyle.aspx?t=k&q=psychiana
psychiana038,item_image,/objects/mg101_b6_psychiana_photographs_040.jpg,/objects/thumbs/mg101_b6_psychiana_photographs_040_th.jpg,/objects/small/mg101_b6_psychiana_photographs_040_sm.jpg,mg101_b6_psychiana_photographs_040.jpg,mg101_b6_psychiana_photographs_040,jpg,"Photograph of William Walter DeBolt, Frank B. Robinson, and unidentified female staff member working at a sorter",image/jpeg,"Photograph depicts (from left to right) W.W. DeBolt standing with his hands in his pockets, Frank B. Robinson with sleeves rolled up adjusting a sorter, and a female Psychiana Staff Member collecting materials as they leave the sorter.",,,1940,yes,single-page; photographs,Psychiana Headquarters; Psychiana Staff; Mailings,,,,,"University of Idaho Library Digital Initiatives, https://www.lib.uidaho.edu/digital/","MG 101, Frank Bruce Robinson. Papers, 1929-1951, University of Idaho Library Special Collections and Archives",https://archiveswest.orbiscascade.org/ark:/80444/xv97133/op=fstyle.aspx?t=k&q=psychiana,"MG-101, Box 6, Folder - 'Psychiana Photographs'",mg101_b6_psychiana_photographs_040,"Educational use includes non-commercial use of text and images in materials for teaching and research purposes. Digital reproduction permissions granted by University of Idaho Library Special Collections and Archives Department. For other uses beyond free use, please contact University of Idaho Library Special Collections and Archives Department at libspec@uidaho.edu.",https://rightsstatements.org/vocab/InC-EDU/1.0/,Image;StillImage,eng,https://archiveswest.orbiscascade.org/ark:/80444/xv97133/op=fstyle.aspx?t=k&q=psychiana
psychiana039,item_image,/objects/mg101_b6_photographs_04.jpg,/objects/thumbs/mg101_b6_photographs_04_th.jpg,/objects/small/mg101_b6_photographs_04_sm.jpg,mg101_b6_photographs_04.jpg,mg101_b6_photographs_04,jpg,Portrait of Frank B. Robinson [01],image/jpeg,Portrait of middle-aged Frank B. Robinson dressed in a three piece pin-striped suit and tie.,,,1935,yes,single-page; photographs,Portraits; Middle-Aged Frank B. Robinson,,,,,"University of Idaho Library Digital Initiatives, https://www.lib.uidaho.edu/digital/","MG 101, Frank Bruce Robinson. Papers, 1929-1951, University of Idaho Library Special Collections and Archives",https://archiveswest.orbiscascade.org/ark:/80444/xv97133/op=fstyle.aspx?t=k&q=psychiana,"MG-101, Box 6, Folder - 'Photographs'",mg101_b6_photographs_04,"Educational use includes non-commercial use of text and images in materials for teaching and research purposes. Digital reproduction permissions granted by University of Idaho Library Special Collections and Archives Department. For other uses beyond free use, please contact University of Idaho Library Special Collections and Archives Department at libspec@uidaho.edu.",https://rightsstatements.org/vocab/InC-EDU/1.0/,Image;StillImage,eng,https://archiveswest.orbiscascade.org/ark:/80444/xv97133/op=fstyle.aspx?t=k&q=psychiana
psychiana040,item_image,/objects/mg101_b6_photographs_05.jpg,/objects/thumbs/mg101_b6_photographs_05_th.jpg,/objects/small/mg101_b6_photographs_05_sm.jpg,mg101_b6_photographs_05.jpg,mg101_b6_photographs_05,jpg,Portrait of Frank B. Robinson [02],image/jpeg,"Portrait of middle-aged Frank B. Robinson wearing a suit, tie, vest, and black pork pie hat.",,,1935,yes,single-page; photographs,Portraits; Middle-Aged Frank B. Robinson,,,,,"University of Idaho Library Digital Initiatives, https://www.lib.uidaho.edu/digital/","MG 101, Frank Bruce Robinson. Papers, 1929-1951, University of Idaho Library Special Collections and Archives",https://archiveswest.orbiscascade.org/ark:/80444/xv97133/op=fstyle.aspx?t=k&q=psychiana,"MG-101, Box 6, Folder - 'Photographs'",mg101_b6_photographs_05,"Educational use includes non-commercial use of text and images in materials for teaching and research purposes. Digital reproduction permissions granted by University of Idaho Library Special Collections and Archives Department. For other uses beyond free use, please contact University of Idaho Library Special Collections and Archives Department at libspec@uidaho.edu.",https://rightsstatements.org/vocab/InC-EDU/1.0/,Image;StillImage,eng,https://archiveswest.orbiscascade.org/ark:/80444/xv97133/op=fstyle.aspx?t=k&q=psychiana
psychiana041,item_image,/objects/mg101_b6_photographs_08.jpg,/objects/thumbs/mg101_b6_photographs_08_th.jpg,/objects/small/mg101_b6_photographs_08_sm.jpg,mg101_b6_photographs_08.jpg,mg101_b6_photographs_08,jpg,Portrait of Frank B. Robinson [03],image/jpeg,Portrait of middle-aged Frank B. Robinson wearing a three piece suit with pocket watch and sitting in an ornate chair with animals carved into the handles.,,,1935,yes,single-page; photographs,Portraits; Middle-Aged Frank B. Robinson,,,,,"University of Idaho Library Digital Initiatives, https://www.lib.uidaho.edu/digital/","MG 101, Frank Bruce Robinson. Papers, 1929-1951, University of Idaho Library Special Collections and Archives",https://archiveswest.orbiscascade.org/ark:/80444/xv97133/op=fstyle.aspx?t=k&q=psychiana,"MG-101, Box 6, Folder - 'Photographs'",mg101_b6_photographs_08,"Educational use includes non-commercial use of text and images in materials for teaching and research purposes. Digital reproduction permissions granted by University of Idaho Library Special Collections and Archives Department. For other uses beyond free use, please contact University of Idaho Library Special Collections and Archives Department at libspec@uidaho.edu.",https://rightsstatements.org/vocab/InC-EDU/1.0/,Image;StillImage,eng,https://archiveswest.orbiscascade.org/ark:/80444/xv97133/op=fstyle.aspx?t=k&q=psychiana
psychiana047,item_image,/objects/mg101_b6_photographs_03.jpg,/objects/thumbs/mg101_b6_photographs_03_th.jpg,/objects/small/mg101_b6_photographs_03_sm.jpg,mg101_b6_photographs_03.jpg,mg101_b6_photographs_03,jpg,Several portrait photographs of a younger Frank B. Robinson,image/jpeg,"Three portrait photographs of a young Frank B. Robinson, two of which have been cut out, wearing the same suit but posing differently in each photograph. 'Age 16' written in pencil in white space.",,,1902,yes,single-page; photographs,Portraits; Young Frank B. Robinson,,,,,"University of Idaho Library Digital Initiatives, https://www.lib.uidaho.edu/digital/","MG 101, Frank Bruce Robinson. Papers, 1929-1951, University of Idaho Library Special Collections and Archives",https://archiveswest.orbiscascade.org/ark:/80444/xv97133/op=fstyle.aspx?t=k&q=psychiana,"MG-101, Box 6, Folder - 'Photographs'",mg101_b6_photographs_03,"Educational use includes non-commercial use of text and images in materials for teaching and research purposes. Digital reproduction permissions granted by University of Idaho Library Special Collections and Archives Department. For other uses beyond free use, please contact University of Idaho Library Special Collections and Archives Department at libspec@uidaho.edu.",https://rightsstatements.org/vocab/InC-EDU/1.0/,Image;StillImage,eng,https://archiveswest.orbiscascade.org/ark:/80444/xv97133/op=fstyle.aspx?t=k&q=psychiana
psychiana048,item_image,/objects/mg101_b6_robinson_friends_015.jpg,/objects/thumbs/mg101_b6_robinson_friends_015_th.jpg,/objects/small/mg101_b6_robinson_friends_015_sm.jpg,mg101_b6_robinson_friends_015.jpg,mg101_b6_robinson_friends_015,jpg,Signed portrait of Tommy Burns at age 27 mailed to Frank B. Robinson,image/jpeg,"Signed portrait of world heavyweight boxing champion Tommy Burns at the age of 27, wearing his heavyweight belt with a personal note to Frank B. Robinson on back.",,,1942,yes,single-page; photographs,Tommy Burns; Celebrity Friends,,,,,"University of Idaho Library Digital Initiatives, https://www.lib.uidaho.edu/digital/","MG 101, Frank Bruce Robinson. Papers, 1929-1951, University of Idaho Library Special Collections and Archives",https://archiveswest.orbiscascade.org/ark:/80444/xv97133/op=fstyle.aspx?t=k&q=psychiana,"MG-101, Box 6, Folder - 'Robinson & Friends'",mg101_b6_robinson_friends_015,"Educational use includes non-commercial use of text and images in materials for teaching and research purposes. Digital reproduction permissions granted by University of Idaho Library Special Collections and Archives Department. For other uses beyond free use, please contact University of Idaho Library Special Collections and Archives Department at libspec@uidaho.edu.",https://rightsstatements.org/vocab/InC-EDU/1.0/,Image;StillImage,eng,https://archiveswest.orbiscascade.org/ark:/80444/xv97133/op=fstyle.aspx?t=k&q=psychiana
psychiana066,item_image,/objects/mg101_b6_psychiana_photographs_012.jpg,/objects/thumbs/mg101_b6_psychiana_photographs_012_th.jpg,/objects/small/mg101_b6_psychiana_photographs_012_sm.jpg,mg101_b6_psychiana_photographs_012.jpg,mg101_b6_psychiana_photographs_012,jpg,William Walter DeBolt at his Desk,image/jpeg,"Photograph of W.W. DeBolt sitting at his desk beside a Dictaphone and typewriter with several stacks of paper and a hardback book with Frank B. Robinson's face on the cover. [Later illustrations of this man on Psychiana documents may indicate this is actually C.W. Tenney, and was mislabeled.]",,,1938,yes,single-page; photographs,Psychiana Headquarters; Psychiana Staff; W.W. DeBolt,,,,,"University of Idaho Library Digital Initiatives, https://www.lib.uidaho.edu/digital/","MG 101, Frank Bruce Robinson. Papers, 1929-1951, University of Idaho Library Special Collections and Archives",https://archiveswest.orbiscascade.org/ark:/80444/xv97133/op=fstyle.aspx?t=k&q=psychiana,"MG-101, Box 6, Folder - 'Psychiana Photographs'",mg101_b6_psychiana_photographs_012,"Educational use includes non-commercial use of text and images in materials for teaching and research purposes. Digital reproduction permissions granted University of Idaho Library Special Collections and Archives Department. For other uses beyond free use, please contact University of Idaho Library Special Collections and Archives Department at libspec@uidaho.edu.",https://rightsstatements.org/vocab/InC-EDU/1.0/,Image;StillImage,eng,https://archiveswest.orbiscascade.org/ark:/80444/xv97133/op=fstyle.aspx?t=k&q=psychiana
